,SDG_indicator,SDG_description,country,growth_rate,x,y,expected_indicator,r2_evaluation,nrmse_evaluation,pbias_evaluation,r2_validation(5-fold),nrmse_validation(5-fold),pbias_validation(5-fold)
0,6.1.1,"Proportion of population using safely managed drinking water services, by urban/rural (%)",Afghanistan,6.605665433156595,"[2000 2001 2002 2003 2004 2005 2006 2007 2008 2009 2010 2011 2012 2013
 2014 2015 2016 2017 2018 2019 2020]","[11. 11. 12. 13. 13. 14. 15. 16. 17. 18. 19. 20. 21. 22. 23. 23. 24. 25.
 26. 27. 28.]",19.94994311940774,0.8103557789315318,0.23791130082764503,-8.422492104089305e-07,0.42286108035397324,0.3010147238851215,8.93885604404931
1,6.1.1,"Proportion of population using safely managed drinking water services, by urban/rural (%)",Albania,0.40216899608677,"[2000 2001 2002 2003 2004 2005 2006 2007 2008 2009 2010 2011 2012 2013
 2014 2015 2016 2017 2018 2019 2020]","[49. 49. 49. 49. 51. 53. 54. 56. 58. 60. 62. 64. 66. 68. 71. 71. 71. 71.
 71. 71. 71.]",71.9436338033438,0.9945238811508913,0.010579936499525969,-1.3855085690931149e-09,0.742630075759068,0.05387108332108641,-0.9113580192265005
2,6.1.1,"Proportion of population using safely managed drinking water services, by urban/rural (%)",Algeria,-9.999999993650512,"[2000 2001 2002 2003 2004 2005 2006 2007 2008 2009 2010 2011 2012 2013
 2014 2015 2016 2017 2018 2019 2020]","[70. 71. 71. 72. 72. 73. 73. 74. 74. 75. 75. 75. 76. 76. 76. 76. 75. 75.
 74. 73. 72.]",71.99989619825513,0.05505362704153502,0.023779745400893934,7.224769160764843e-13,0.3653421238468568,0.02533940958085572,0.3809713686830769
3,6.1.1,"Proportion of population using safely managed drinking water services, by urban/rural (%)",American Samoa,0.4379636227019526,"[2000 2001 2002 2003 2004 2005 2006 2007 2008 2009 2010 2011 2012 2013
 2014 2015 2016 2017 2018 2019 2020]","[78. 79. 80. 81. 83. 84. 85. 86. 88. 89. 90. 91. 92. 94. 95. 96. 97. 98.
 98. 98. 98.]",96.79635802024133,0.9737591581767455,0.014219210954215475,-7.190775634510228e-10,0.7859415609974636,0.030004581660393964,0.7668458217995978
4,6.1.1,"Proportion of population using safely managed drinking water services, by urban/rural (%)",Andorra,0.0,"[2000 2001 2002 2003 2004 2005 2006 2007 2008 2009 2010 2011 2012 2013
 2014 2015 2016 2017 2018 2019 2020]","[91. 91. 91. 91. 91. 91. 91. 91. 91. 91. 91. 91. 91. 91. 91. 91. 91. 91.
 91. 91. 91.]",91.0,1.0,0.0,0.0,1.0,0.0,0.0
5,6.1.1,"Proportion of population using safely managed drinking water services, by urban/rural (%)",Armenia,2.630277692008189,"[2000 2001 2002 2003 2004 2005 2006 2007 2008 2009 2010 2011 2012 2013
 2014 2015 2016 2017 2018 2019 2020]","[80. 80. 80. 80. 80. 81. 81. 81. 81. 81. 81. 82. 82. 83. 84. 84. 85. 85.
 86. 86. 87.]",83.62911811970244,0.8781101372548269,0.017260234798628517,4.616293474647278e-10,0.570821856697248,0.01779637695056139,-0.4384138723112094
6,6.1.1,"Proportion of population using safely managed drinking water services, by urban/rural (%)",Australia,,,,,,,,,,
7,6.1.1,"Proportion of population using safely managed drinking water services, by urban/rural (%)",Austria,0.7196480442098764,"[2000 2001 2002 2003 2004 2005 2006 2007 2008 2009 2010 2011 2012 2013
 2014 2015 2016 2017 2018 2019 2020]","[96. 97. 97. 97. 97. 97. 98. 98. 98. 98. 99. 99. 99. 99. 99. 99. 99. 99.
 99. 99. 99.]",98.92099672805128,0.923031058001255,0.0029075019661880344,-2.5236258820358654e-10,0.23673400255092852,0.004072729554612909,-0.15751398970462424
8,6.1.1,"Proportion of population using safely managed drinking water services, by urban/rural (%)",Azerbaijan,-9.767783940235216,"[2000 2001 2002 2003 2004 2005 2006 2007 2008 2009 2010 2011 2012 2013
 2014 2015 2016 2017 2018 2019 2020]","[58. 60. 61. 63. 65. 67. 69. 71. 73. 75. 77. 79. 80. 82. 83. 85. 86. 86.
 87. 88. 88.]",74.34327777194396,0.0,0.13116506262280728,0.0006306180761976597,0.0,0.14862119187485212,1.2278371736733469
9,6.1.1,"Proportion of population using safely managed drinking water services, by urban/rural (%)",Bahrain,0.0,"[2000 2001 2002 2003 2004 2005 2006 2007 2008 2009 2010 2011 2012 2013
 2014 2015 2016 2017 2018 2019 2020]","[99. 99. 99. 99. 99. 99. 99. 99. 99. 99. 99. 99. 99. 99. 99. 99. 99. 99.
 99. 99. 99.]",99.0,1.0,0.0,0.0,1.0,0.0,0.0
10,6.1.1,"Proportion of population using safely managed drinking water services, by urban/rural (%)",Bangladesh,1.1983692059613007,"[2000 2001 2002 2003 2004 2005 2006 2007 2008 2009 2010 2011 2012 2013
 2014 2015 2016 2017 2018 2019 2020]","[55. 55. 55. 55. 55. 55. 55. 55. 55. 55. 55. 55. 55. 56. 56. 56. 57. 57.
 58. 58. 59.]",57.262849246360624,0.9090960825412286,0.009290980577814587,-2.6141398215617477e-07,0.32088034615013017,0.010458206984350843,-0.18395991678092444
11,6.1.1,"Proportion of population using safely managed drinking water services, by urban/rural (%)",Belarus,1.898321756701552,"[2000 2001 2002 2003 2004 2005 2006 2007 2008 2009 2010 2011 2012 2013
 2014 2015 2016 2017 2018 2019 2020]","[81. 81. 81. 81. 83. 84. 85. 86. 88. 89. 90. 91. 92. 93. 94. 94. 95. 95.
 95. 95. 95.]",90.72360178362236,0.8953428423307961,0.04078603453614502,-4.1210735190771405e-07,0.5805848168455563,0.03336027319421685,-1.155162977138275
12,6.1.1,"Proportion of population using safely managed drinking water services, by urban/rural (%)",Belgium,9.99999999999965,"[2000 2001 2002 2003 2004 2005 2006 2007 2008 2009 2010 2011 2012 2013
 2014 2015 2016 2017 2018 2019 2020]","[ 99.  99.  99.  99.  99.  99.  99.  99.  99.  99.  99. 100. 100. 100.
 100. 100. 100. 100. 100. 100. 100.]",100.00066365814259,0.9999844902928875,1.9772414257208445e-05,4.081624140316516e-15,0.5998854200719926,4.197772499270395e-05,3.929847207031949e-05
13,6.1.1,"Proportion of population using safely managed drinking water services, by urban/rural (%)",Bhutan,-4.9012323348002145,"[2000 2001 2002 2003 2004 2005 2006 2007 2008 2009 2010 2011 2012 2013
 2014 2015 2016 2017 2018 2019 2020]","[29. 29. 30. 30. 31. 31. 32. 32. 33. 33. 34. 34. 34. 35. 35. 36. 36. 36.
 36. 36. 37.]",32.422445387887734,0.11246602297667391,0.07483088315100778,-4.193754295669772e-07,0.4436447801154963,0.05814930511358889,-0.265233646556638
14,6.1.1,"Proportion of population using safely managed drinking water services, by urban/rural (%)",Bosnia and Herzegovina,0.31148834334002945,"[2000 2001 2002 2003 2004 2005 2006 2007 2008 2009 2010 2011 2012 2013
 2014 2015 2016 2017 2018 2019 2020]","[87. 87. 88. 88. 88. 88. 88. 88. 88. 88. 89. 89. 89. 89. 89. 89. 89. 89.
 89. 89. 89.]",89.09501320853309,0.8416277066179503,0.002972224124474757,-8.551689841513779e-11,0.1320728425736422,0.0037081271809904976,0.15673023172356024
15,6.1.1,"Proportion of population using safely managed drinking water services, by urban/rural (%)",Botswana,,,,,,,,,,
16,6.1.1,"Proportion of population using safely managed drinking water services, by urban/rural (%)",Brazil,2.107435470981815,"[2000 2001 2002 2003 2004 2005 2006 2007 2008 2009 2010 2011 2012 2013
 2014 2015 2016 2017 2018 2019 2020]","[76. 77. 77. 77. 78. 78. 78. 78. 79. 79. 79. 79. 80. 80. 81. 82. 83. 84.
 84. 85. 86.]",81.2933565949371,0.8382495507078079,0.02559070018291835,-6.793878898612265e-09,0.6367407290957379,0.027057384668169666,-0.011853428551383693
17,6.1.1,"Proportion of population using safely managed drinking water services, by urban/rural (%)",Bulgaria,1.6967746157086587,"[2000 2001 2002 2003 2004 2005 2006 2007 2008 2009 2010 2011 2012 2013
 2014 2015 2016 2017 2018 2019 2020]","[90. 90. 91. 91. 92. 92. 93. 93. 94. 94. 95. 95. 96. 96. 97. 97. 97. 97.
 97. 98. 98.]",95.35568333530335,0.8584353065812144,0.018807724609717972,1.1315581183437626e-09,0.7221014151831964,0.021324300590511318,0.01833039242424821
18,6.1.1,"Proportion of population using safely managed drinking water services, by urban/rural (%)",Cambodia,-8.973949120303365,"[2000 2001 2002 2003 2004 2005 2006 2007 2008 2009 2010 2011 2012 2013
 2014 2015 2016 2017 2018 2019 2020]","[17. 17. 18. 18. 19. 19. 20. 20. 21. 21. 22. 23. 23. 24. 24. 25. 25. 26.
 27. 27. 28.]",22.095238095078116,0.11370236950163407,0.15294133620053504,-6.943725288241977e-10,0.36574437409963156,0.13971364407369516,2.4203275114308647
19,6.1.1,"Proportion of population using safely managed drinking water services, by urban/rural (%)",Canada,9.999999999999929,"[2000 2001 2002 2003 2004 2005 2006 2007 2008 2009 2010 2011 2012 2013
 2014 2015 2016 2017 2018 2019 2020]","[98. 98. 98. 98. 98. 98. 98. 98. 98. 98. 99. 99. 99. 99. 99. 99. 99. 99.
 99. 99. 99.]",99.00060029222719,0.999984490292882,1.9963544412640435e-05,-2.7473861218370233e-15,0.6704723276906874,0.0009939029617289854,-0.050793122005672806
20,6.1.1,"Proportion of population using safely managed drinking water services, by urban/rural (%)",Central African Republic,-0.3237003122016582,"[2000 2001 2002 2003 2004 2005 2006 2007 2008 2009 2010 2011 2012 2013
 2014 2015 2016 2017 2018 2019 2020]",[9. 8. 8. 8. 8. 8. 8. 8. 7. 7. 7. 7. 7. 7. 7. 7. 7. 6. 6. 6. 6.],6.2920688281904775,0.8234197095645702,0.047979102746954515,2.302716497014576e-09,0.4058541840306148,0.08505514929762055,1.422420718761056
21,6.1.1,"Proportion of population using safely managed drinking water services, by urban/rural (%)",Chad,0.0,"[2000 2001 2002 2003 2004 2005 2006 2007 2008 2009 2010 2011 2012 2013
 2014 2015 2016 2017 2018 2019 2020]",[6. 6. 6. 6. 6. 6. 6. 6. 6. 6. 6. 6. 6. 6. 6. 6. 6. 6. 6. 6. 6.],6.0,1.0,0.0,0.0,1.0,0.0,0.0
22,6.1.1,"Proportion of population using safely managed drinking water services, by urban/rural (%)",Chile,1.1934876819159088,"[2000 2001 2002 2003 2004 2005 2006 2007 2008 2009 2010 2011 2012 2013
 2014 2015 2016 2017 2018 2019 2020]","[92. 93. 93. 93. 94. 94. 95. 95. 96. 96. 96. 97. 97. 98. 98. 98. 99. 99.
 99. 99. 99.]",97.13458673791963,0.8669045859866331,0.015464211922458261,-1.0574788815786336e-07,0.4086067277474143,0.01826118895758593,0.032240624880693944
23,6.1.1,"Proportion of population using safely managed drinking water services, by urban/rural (%)",China,,,,,,,,,,
24,6.1.1,"Proportion of population using safely managed drinking water services, by urban/rural (%)",Colombia,0.6366503183013198,"[2000 2001 2002 2003 2004 2005 2006 2007 2008 2009 2010 2011 2012 2013
 2014 2015 2016 2017 2018 2019 2020]","[69. 69. 70. 70. 70. 71. 71. 71. 71. 71. 72. 72. 72. 72. 72. 72. 73. 73.
 73. 73. 73.]",72.29450179997588,0.8520766158937402,0.00821269766842425,8.816876591784724e-09,0.34261012024793885,0.011507252866411983,-0.07765700368512603
25,6.1.1,"Proportion of population using safely managed drinking water services, by urban/rural (%)",Congo,1.3378166090442705,"[2000 2001 2002 2003 2004 2005 2006 2007 2008 2009 2010 2011 2012 2013
 2014 2015 2016 2017 2018 2019 2020]","[27. 28. 28. 28. 30. 31. 33. 35. 36. 38. 40. 41. 42. 43. 44. 44. 45. 45.
 46. 46. 46.]",41.395778739479816,0.9257937645694994,0.09167437742395114,-3.031576153260852e-06,0.8371511096558988,0.12743795374469843,3.589383825508901
26,6.1.1,"Proportion of population using safely managed drinking water services, by urban/rural (%)",Costa Rica,0.6882481864962353,"[2000 2001 2002 2003 2004 2005 2006 2007 2008 2009 2010 2011 2012 2013
 2014 2015 2016 2017 2018 2019 2020]","[76. 77. 77. 77. 78. 78. 78. 79. 79. 79. 79. 79. 80. 80. 80. 80. 80. 81.
 81. 81. 81.]",79.9236484575257,0.8493112447950315,0.009628268465355923,2.454194294641748e-07,0.27035500388954176,0.014198026258687668,0.45133844923862154
27,6.1.1,"Proportion of population using safely managed drinking water services, by urban/rural (%)",Croatia,0.0,[2000 2001 2002 2003 2004 2005 2006 2007],[82. 82. 82. 82. 82. 82. 82. 82.],82.0,1.0,0.0,0.0,1.0,0.0,0.0
28,6.1.1,"Proportion of population using safely managed drinking water services, by urban/rural (%)",Cyprus,1.0046621240241393,"[2000 2001 2002 2003 2004 2005 2006 2007 2008 2009 2010 2011 2012 2013
 2014 2015 2016 2017 2018 2019 2020]","[ 96.  96.  96.  96.  96.  96.  97.  97.  97.  97.  98.  98.  98.  99.
  99.  99.  99. 100. 100. 100. 100.]",98.86172896310399,0.9059343827137563,0.007165785519573931,7.627690797496117e-09,0.28407110770113403,0.008556956646176679,0.009798994951505513
29,6.1.1,"Proportion of population using safely managed drinking water services, by urban/rural (%)",Côte d'Ivoire,9.999999999929955,"[2000 2001 2002 2003 2004 2005 2006 2007 2008 2009 2010 2011 2012 2013
 2014 2015 2016 2017 2018 2019 2020]","[34. 34. 34. 34. 34. 34. 34. 35. 35. 35. 35. 35. 35. 35. 35. 35. 35. 35.
 35. 35. 35.]",35.00046360892637,0.9999828240199712,5.635629343747914e-05,-3.9040809657148365e-15,0.599906663595983,0.00012083329099515706,-0.0007416860396538214
30,6.1.1,"Proportion of population using safely managed drinking water services, by urban/rural (%)",Democratic People's Republic of Korea,-0.5995160007109143,"[2000 2001 2002 2003 2004 2005 2006 2007 2008 2009 2010 2011 2012 2013
 2014 2015 2016 2017 2018 2019 2020]","[69. 69. 69. 69. 69. 69. 69. 68. 68. 68. 68. 68. 67. 67. 67. 67. 67. 67.
 66. 66. 66.]",66.71327209724711,0.8964542440507524,0.005731478828813723,-2.344890893466624e-10,0.3728461370798021,0.008385475546548027,-0.20607656680288464
31,6.1.1,"Proportion of population using safely managed drinking water services, by urban/rural (%)",Democratic Republic of the Congo,1.5672547854287409,"[2000 2001 2002 2003 2004 2005 2006 2007 2008 2009 2010 2011 2012 2013
 2014 2015 2016 2017 2018 2019 2020]","[10. 10. 11. 11. 11. 12. 12. 13. 13. 13. 14. 14. 15. 15. 16. 16. 17. 17.
 18. 18. 19.]",15.11858519705019,0.8303717425473383,0.1355430202148371,-2.3722884140713594e-06,0.500928806205147,0.17585219775885932,2.841032224999708
32,6.1.1,"Proportion of population using safely managed drinking water services, by urban/rural (%)",Denmark,1.2350706711515438,"[2000 2001 2002 2003 2004 2005 2006 2007 2008 2009 2010 2011 2012 2013
 2014 2015 2016 2017 2018 2019 2020]","[94. 94. 94. 94. 94. 95. 95. 96. 96. 96. 97. 97. 97. 97. 97. 97. 97. 97.
 97. 97. 97.]",96.67071016306177,0.9544804160263417,0.004575809954482901,-4.83982795720714e-08,0.2566819747163964,0.008209701360600518,-0.3124667091677673
33,6.1.1,"Proportion of population using safely managed drinking water services, by urban/rural (%)",Ecuador,-9.706332013571009,"[2000 2001 2002 2003 2004 2005 2006 2007 2008 2009 2010 2011 2012 2013
 2014 2015 2016 2017 2018 2019 2020]","[58. 59. 59. 60. 60. 61. 61. 62. 62. 63. 63. 64. 64. 64. 65. 65. 66. 66.
 66. 67. 67.]",62.26464708713364,0.0,0.04314965415435941,-5.271257437416486e-05,0.3573829223818148,0.03752291791384521,0.20971942516104392
34,6.1.1,"Proportion of population using safely managed drinking water services, by urban/rural (%)",El Salvador,,,,,,,,,,
35,6.1.1,"Proportion of population using safely managed drinking water services, by urban/rural (%)",Estonia,0.9277454435884459,"[2000 2001 2002 2003 2004 2005 2006 2007 2008 2009 2010 2011 2012 2013
 2014 2015 2016 2017 2018 2019 2020]","[94. 94. 94. 94. 94. 94. 95. 95. 95. 96. 96. 96. 96. 96. 96. 96. 96. 96.
 96. 96. 96.]",96.00013806577093,0.9665466069342323,0.0017049520308507616,-1.4102906193627258e-11,0.06949249742458052,0.0025288030286172844,0.015069309088710976
36,6.1.1,"Proportion of population using safely managed drinking water services, by urban/rural (%)",Eswatini,,,,,,,,,,
37,6.1.1,"Proportion of population using safely managed drinking water services, by urban/rural (%)",Ethiopia,1.486417025807256,"[2000 2001 2002 2003 2004 2005 2006 2007 2008 2009 2010 2011 2012 2013
 2014 2015 2016 2017 2018 2019 2020]","[ 5.  5.  6.  6.  6.  6.  6.  7.  7.  7.  8.  8.  9.  9.  9. 10. 10. 11.
 11. 12. 13.]",9.240725252499866,0.8252776742065858,0.18446504072889733,2.641976825746454e-07,0.5340638553227136,0.20889859834375119,3.91869224794448
38,6.1.1,"Proportion of population using safely managed drinking water services, by urban/rural (%)",Finland,1.4012404876994353,"[2000 2001 2002 2003 2004 2005 2006 2007 2008 2009 2010 2011 2012 2013
 2014 2015 2016 2017 2018 2019 2020]","[ 93.  94.  94.  95.  95.  96.  96.  97.  97.  97.  98.  98.  99.  99.
 100. 100. 100. 100. 100. 100. 100.]",98.45865649525238,0.8535226074191441,0.01525587013617109,-8.081232558132534e-08,0.42558764869062166,0.018794801525288292,0.22347108749646818
39,6.1.1,"Proportion of population using safely managed drinking water services, by urban/rural (%)",France,0.6449279026710909,"[2000 2001 2002 2003 2004 2005 2006 2007 2008 2009 2010 2011 2012 2013
 2014 2015 2016 2017 2018 2019 2020]","[96. 96. 96. 96. 97. 97. 97. 97. 97. 98. 98. 98. 98. 98. 99. 99. 99. 99.
 99. 99. 99.]",98.63112296419514,0.9052218530684775,0.00423109094080322,-3.710992959753689e-10,0.3119388187383696,0.007056636553919605,-0.25048090001477913
40,6.1.1,"Proportion of population using safely managed drinking water services, by urban/rural (%)",French Guiana,9.99999999993899,"[2001 2002 2003 2004 2005 2006 2007 2008 2009 2010 2011 2012 2013 2014
 2015 2016 2017 2018 2019 2020]","[90. 90. 90. 90. 90. 90. 90. 90. 90. 90. 90. 90. 90. 90. 90. 90. 90. 90.
 91. 91.]",91.00390309341523,0.9999655148378446,1.95529639684608e-05,-2.4155298553087537e-12,0.6,0.001566288226911894,-0.11085936828532254
41,6.1.1,"Proportion of population using safely managed drinking water services, by urban/rural (%)",French Polynesia,-2.6139112210343622,"[2000 2001 2002 2003 2004 2005 2006 2007 2008 2009 2010 2011 2012 2013
 2014 2015 2016 2017 2018 2019 2020]","[92. 92. 92. 92. 92. 92. 92. 92. 92. 92. 92. 91. 90. 89. 89. 88. 87. 86.
 85. 85. 84.]",88.57394337096551,0.8612162346795499,0.0215511119716642,-2.4888045530442834e-08,0.38245560885071705,0.02239913249419253,0.2587718037811598
42,6.1.1,"Proportion of population using safely managed drinking water services, by urban/rural (%)",Gambia,1.6474014781989472,"[2000 2001 2002 2003 2004 2005 2006 2007 2008 2009 2010 2011 2012 2013
 2014 2015 2016 2017 2018 2019 2020]","[23. 25. 26. 27. 28. 29. 30. 31. 32. 33. 34. 35. 36. 37. 38. 39. 40. 42.
 43. 44. 45.]",36.17609089573165,0.8111494098000854,0.140163775354303,-6.776683836183155e-06,0.6636768359666709,0.10589959271628724,-4.993782446629737
43,6.1.1,"Proportion of population using safely managed drinking water services, by urban/rural (%)",Georgia,0.757583433713043,"[2000 2001 2002 2003 2004 2005 2006 2007 2008 2009 2010 2011 2012 2013
 2014 2015 2016 2017 2018 2019 2020]","[62. 62. 62. 63. 63. 63. 63. 63. 64. 64. 64. 64. 65. 65. 65. 65. 65. 66.
 66. 66. 66.]",65.08098367720639,0.8816348761585584,0.009476199084883305,-1.3845039230974203e-08,0.3395901762794263,0.012175642066450032,0.2067721960261002
44,6.1.1,"Proportion of population using safely managed drinking water services, by urban/rural (%)",Germany,0.0,"[2000 2001 2002 2003 2004 2005 2006 2007 2008 2009 2010 2011 2012 2013
 2014 2015 2016 2017 2018 2019 2020]","[100. 100. 100. 100. 100. 100. 100. 100. 100. 100. 100. 100. 100. 100.
 100. 100. 100. 100. 100. 100. 100.]",100.0,1.0,0.0,0.0,1.0,0.0,0.0
45,6.1.1,"Proportion of population using safely managed drinking water services, by urban/rural (%)",Ghana,0.33776374958787014,"[2000 2001 2002 2003 2004 2005 2006 2007 2008 2009 2010 2011 2012 2013
 2014 2015 2016 2017 2018 2019 2020]","[13. 14. 15. 16. 17. 18. 20. 21. 22. 24. 25. 27. 28. 30. 31. 33. 35. 36.
 38. 40. 41.]",39.05211169862833,0.9797848516802963,0.05179651229197607,-1.180838792760058e-08,0.8866124011283697,0.20804437360294897,15.223143548420802
46,6.1.1,"Proportion of population using safely managed drinking water services, by urban/rural (%)",Gibraltar,0.0,"[2000 2001 2002 2003 2004 2005 2006 2007 2008 2009 2010 2011 2012 2013
 2014 2015 2016 2017 2018 2019 2020]","[100. 100. 100. 100. 100. 100. 100. 100. 100. 100. 100. 100. 100. 100.
 100. 100. 100. 100. 100. 100. 100.]",100.0,1.0,0.0,0.0,1.0,0.0,0.0
47,6.1.1,"Proportion of population using safely managed drinking water services, by urban/rural (%)",Greece,9.99999999999965,"[2000 2001 2002 2003 2004 2005 2006 2007 2008 2009 2010 2011 2012 2013
 2014 2015 2016 2017 2018 2019 2020]","[ 99.  99.  99.  99.  99.  99.  99.  99.  99.  99.  99. 100. 100. 100.
 100. 100. 100. 100. 100. 100. 100.]",100.00066365814259,0.9999844902928875,1.9772414257208445e-05,4.081624140316516e-15,0.5998854200719926,4.197772499270395e-05,3.929847207031949e-05
48,6.1.1,"Proportion of population using safely managed drinking water services, by urban/rural (%)",Greenland,1.4610972356429914,"[2000 2001 2002 2003 2004 2005 2006 2007 2008 2009 2010 2011 2012 2013
 2014 2015 2016 2017 2018 2019 2020]","[94. 94. 94. 94. 94. 95. 95. 95. 96. 96. 97. 97. 97. 97. 97. 97. 97. 97.
 97. 97. 97.]",96.69978141960166,0.9540192248697578,0.004456439201031556,-1.597062987208948e-11,0.39326855759841645,0.007346257633498226,-0.24480671673833063
49,6.1.1,"Proportion of population using safely managed drinking water services, by urban/rural (%)",Grenada,-6.45297170658112,"[2000 2001 2002 2003 2004 2005 2006 2007 2008 2009 2010 2011 2012 2013
 2014 2015 2016 2017]",[79. 80. 81. 81. 82. 83. 84. 85. 86. 87. 87. 87. 87. 87. 87. 87. 87. 87.],83.57938374966346,0.0,0.033173818005139695,-1.8365416822664374e-05,0.6620233595672831,0.02829601298069709,0.12852446609526158
50,6.1.1,"Proportion of population using safely managed drinking water services, by urban/rural (%)",Guadeloupe,9.99999999999016,"[2001 2002 2003 2004 2005 2006 2007 2008 2009 2010 2011 2012 2013 2014
 2015 2016 2017 2018 2019 2020]","[97. 97. 97. 97. 97. 97. 97. 97. 97. 97. 97. 97. 97. 97. 97. 97. 97. 98.
 98. 98.]",98.00241281907466,0.9999720175410434,1.9442639566384846e-05,-1.5285994006573438e-13,0.6,0.0017758026349276482,-0.15384105043895516
51,6.1.1,"Proportion of population using safely managed drinking water services, by urban/rural (%)",Guam,0.0,"[2000 2001 2002 2003 2004 2005 2006 2007 2008 2009 2010 2011 2012 2013
 2014 2015 2016 2017 2018 2019 2020]","[99. 99. 99. 99. 99. 99. 99. 99. 99. 99. 99. 99. 99. 99. 99. 99. 99. 99.
 99. 99. 99.]",99.0,1.0,0.0,0.0,1.0,0.0,0.0
52,6.1.1,"Proportion of population using safely managed drinking water services, by urban/rural (%)",Guatemala,-3.886194422135382,"[2000 2001 2002 2003 2004 2005 2006 2007 2008 2009 2010 2011 2012 2013
 2014 2015 2016 2017 2018 2019 2020]","[47. 47. 48. 48. 49. 49. 50. 50. 51. 51. 52. 52. 53. 53. 54. 54. 55. 55.
 55. 56. 56.]",50.96058287892626,0.0,0.05613803625015516,7.4817800418766274e-06,0.4016690235653278,0.04962380269594131,0.35094161904640764
53,6.1.1,"Proportion of population using safely managed drinking water services, by urban/rural (%)",Guinea-Bissau,1.067886881792969,"[2000 2001 2002 2003 2004 2005 2006 2007 2008 2009 2010 2011 2012 2013
 2014 2015 2016 2017 2018 2019 2020]","[18. 18. 18. 19. 19. 19. 20. 20. 20. 21. 21. 21. 22. 22. 22. 23. 23. 23.
 24. 24. 24.]",21.999994233102253,0.8600791188397973,0.05752025238435951,-5.308005479850173e-07,0.5747424850368669,0.06737454981092697,0.2829206523564462
54,6.1.1,"Proportion of population using safely managed drinking water services, by urban/rural (%)",Honduras,,,,,,,,,,
55,6.1.1,"Proportion of population using safely managed drinking water services, by urban/rural (%)",Hungary,9.999999999995485,"[2000 2001 2002 2003 2004 2005 2006 2007 2008 2009 2010 2011 2012 2013
 2014 2015 2016 2017 2018 2019 2020]","[92. 92. 92. 92. 92. 92. 92. 92. 92. 92. 92. 92. 92. 92. 92. 92. 93. 93.
 93. 93. 93.]",93.00137906370554,0.9999795613251331,2.0875733322468544e-05,-1.100479198389417e-14,0.6699442565300127,0.0031906514719672097,0.2669886656167787
56,6.1.1,"Proportion of population using safely managed drinking water services, by urban/rural (%)",Iceland,-4.789718378504733,"[2000 2001 2002 2003 2004 2005 2006 2007 2008 2009 2010 2011 2012 2013
 2014 2015 2016 2017 2018 2019 2020]","[ 90.  90.  91.  91.  92.  93.  93.  94.  95.  95.  96.  96.  97.  98.
  98.  99. 100. 100. 100. 100. 100.]",94.57705026839281,0.0,0.03658240572152781,-1.7388169700021841e-09,0.2155092417646093,0.03369273473459632,0.3080767304344011
57,6.1.1,"Proportion of population using safely managed drinking water services, by urban/rural (%)",India,,,,,,,,,,
58,6.1.1,"Proportion of population using safely managed drinking water services, by urban/rural (%)",Iran (Islamic Republic of),0.6110458241512342,"[2000 2001 2002 2003 2004 2005 2006 2007 2008 2009 2010 2011 2012 2013
 2014 2015 2016 2017 2018 2019 2020]","[90. 91. 91. 91. 91. 91. 92. 92. 92. 92. 92. 93. 93. 93. 93. 93. 93. 94.
 94. 94. 94.]",93.28835922839842,0.86868379931639,0.005380554821271514,-2.3398219926824375e-10,0.2720289420920995,0.007605071437848726,0.030944185434308658
59,6.1.1,"Proportion of population using safely managed drinking water services, by urban/rural (%)",Iraq,-3.930669421583979,"[2000 2001 2002 2003 2004 2005 2006 2007 2008 2009 2010 2011 2012 2013
 2014 2015 2016 2017 2018 2019 2020]","[50. 51. 51. 52. 52. 53. 53. 54. 54. 54. 55. 55. 56. 56. 57. 57. 58. 58.
 59. 59. 60.]",54.452387387097154,0.16181731392061957,0.05192080819343346,3.237029057341314e-05,0.4015616512408558,0.044350127777624204,0.3800947557196196
60,6.1.1,"Proportion of population using safely managed drinking water services, by urban/rural (%)",Ireland,0.7467670103862588,"[2000 2001 2002 2003 2004 2005 2006 2007 2008 2009 2010 2011 2012 2013
 2014 2015 2016 2017 2018 2019 2020]","[93. 94. 94. 94. 94. 95. 95. 95. 95. 95. 96. 96. 96. 96. 97. 97. 97. 97.
 97. 97. 97.]",96.52390960265858,0.8856225209595308,0.005567601046269779,-1.2388579892329863e-10,0.35853371709703624,0.007056488865347361,-0.011397928209667651
61,6.1.1,"Proportion of population using safely managed drinking water services, by urban/rural (%)",Isle of Man,0.0,[2009 2010 2011 2012 2013 2014 2015 2016 2017 2018 2019 2020],[97. 97. 97. 97. 97. 97. 97. 97. 97. 97. 97. 97.],97.0,1.0,0.0,0.0,1.0,0.0,0.0
62,6.1.1,"Proportion of population using safely managed drinking water services, by urban/rural (%)",Israel,-9.999999999999998,"[2000 2001 2002 2003 2004 2005 2006 2007 2008 2009 2010 2011 2012 2013
 2014 2015 2016 2017 2018 2019 2020]","[100. 100. 100. 100. 100. 100. 100. 100. 100. 100. 100. 100. 100. 100.
 100. 100.  99.  99.  99.  99.  99.]",98.99862093980063,0.999979561325118,1.9301334348495227e-05,2.9846186514028076e-14,0.6703699196323439,0.002999188456593295,-0.251795051539724
63,6.1.1,"Proportion of population using safely managed drinking water services, by urban/rural (%)",Italy,9.999999999887724,"[2000 2001 2002 2003 2004 2005 2006 2007 2008 2009 2010 2011 2012 2013
 2014 2015 2016 2017 2018 2019 2020]","[95. 95. 95. 95. 96. 96. 96. 96. 96. 96. 96. 96. 96. 96. 96. 96. 96. 96.
 96. 96. 96.]",96.00036848880862,0.9999766565753726,1.980198672498039e-05,5.2972867974162535e-14,0.6,0.001883084617148811,0.16847081654341406
64,6.1.1,"Proportion of population using safely managed drinking water services, by urban/rural (%)",Japan,9.999999999806928,"[2000 2001 2002 2003 2004 2005 2006 2007 2008 2009 2010 2011 2012 2013
 2014 2015 2016 2017 2018 2019 2020]","[98. 98. 98. 98. 98. 98. 98. 98. 98. 98. 98. 98. 98. 98. 98. 98. 98. 98.
 99. 99. 99.]",99.00241482068493,0.9999722036307773,1.8798055350913166e-05,-2.5994625073416573e-13,0.6,0.0017576094388839195,-0.1522621279285533
65,6.1.1,"Proportion of population using safely managed drinking water services, by urban/rural (%)",Jordan,0.2467834795556417,"[2000 2001 2002 2003 2004 2005 2006 2007 2008 2009 2010 2011 2012 2013
 2014 2015 2016 2017 2018 2019 2020]","[54. 54. 54. 54. 54. 54. 56. 58. 60. 62. 64. 66. 68. 71. 73. 75. 77. 79.
 81. 84. 86.]",91.25194125668801,0.9952758378569958,0.011337575135287242,1.3581505862144547e-09,0.7933780640339568,0.03432560998055275,-2.0719948040176446
66,6.1.1,"Proportion of population using safely managed drinking water services, by urban/rural (%)",Kazakhstan,3.223269536165745,"[2000 2001 2002 2003 2004 2005 2006 2007 2008 2009 2010 2011 2012 2013
 2014 2015 2016 2017 2018 2019 2020]","[63. 63. 65. 67. 68. 70. 71. 73. 75. 76. 78. 80. 81. 83. 84. 86. 88. 89.
 89. 89. 89.]",79.43104861704687,0.8259763520253375,0.0942118030927979,-2.0565102581319197e-08,0.5612763896901048,0.09846718322248782,-0.1261716727921975
67,6.1.1,"Proportion of population using safely managed drinking water services, by urban/rural (%)",Kenya,,,,,,,,,,
68,6.1.1,"Proportion of population using safely managed drinking water services, by urban/rural (%)",Kiribati,0.9937561066940753,"[2000 2001 2002 2003 2004 2005 2006 2007 2008 2009 2010 2011 2012 2013
 2014 2015 2016 2017 2018 2019 2020]","[10. 10. 10. 10. 11. 11. 11. 11. 11. 12. 12. 12. 13. 13. 13. 13. 14. 14.
 14. 14. 15.]",13.137468631133302,0.8781461296935744,0.06329996534737982,3.1415312486138094e-07,0.4689255395821556,0.07526024844044983,-0.24175101976701222
69,6.1.1,"Proportion of population using safely managed drinking water services, by urban/rural (%)",Kuwait,0.0,"[2000 2001 2002 2003 2004 2005 2006 2007 2008 2009 2010 2011 2012 2013
 2014 2015 2016 2017 2018 2019 2020]","[100. 100. 100. 100. 100. 100. 100. 100. 100. 100. 100. 100. 100. 100.
 100. 100. 100. 100. 100. 100. 100.]",100.0,1.0,0.0,0.0,1.0,0.0,0.0
70,6.1.1,"Proportion of population using safely managed drinking water services, by urban/rural (%)",Kyrgyzstan,1.413640833044696,"[2000 2001 2002 2003 2004 2005 2006 2007 2008 2009 2010 2011 2012 2013
 2014 2015 2016 2017 2018 2019 2020]","[46. 46. 46. 47. 47. 49. 50. 52. 54. 56. 58. 59. 61. 63. 65. 66. 68. 68.
 69. 69. 70.]",61.5406419732883,0.9064738670813023,0.09246575125919831,-2.1266136450748853e-06,0.7553583870602625,0.10358405972160878,0.9403427224627652
71,6.1.1,"Proportion of population using safely managed drinking water services, by urban/rural (%)",Lao People's Democratic Republic,0.7937158101805863,"[2000 2001 2002 2003 2004 2005 2006 2007 2008 2009 2010 2011 2012 2013
 2014 2015 2016 2017 2018 2019 2020]","[ 5.  7.  9. 11. 11. 12. 12. 12. 13. 13. 14. 14. 15. 15. 15. 16. 16. 17.
 17. 18. 18.]",14.001999928542137,0.7911138507970553,0.16317214103295727,-4.5777667875671515,0.5808495833821934,0.22754301241272884,7.992773889577245
72,6.1.1,"Proportion of population using safely managed drinking water services, by urban/rural (%)",Latvia,0.9920224801109568,"[2000 2001 2002 2003 2004 2005 2006 2007 2008 2009 2010 2011 2012 2013
 2014 2015 2016 2017 2018 2019 2020]","[93. 93. 93. 93. 93. 93. 93. 93. 93. 93. 94. 94. 94. 95. 95. 95. 95. 96.
 96. 96. 96.]",95.27437085265666,0.9349986394282193,0.004327487367506835,8.468259831553825e-11,0.10223047807184245,0.004940106479228763,-0.015769415156430246
73,6.1.1,"Proportion of population using safely managed drinking water services, by urban/rural (%)",Lebanon,0.5383576084715409,"[2000 2001 2002 2003 2004 2005 2006 2007 2008 2009 2010 2011 2012 2013
 2014 2015 2016 2017 2018 2019 2020]","[44. 44. 45. 45. 45. 45. 45. 46. 46. 46. 46. 46. 46. 47. 47. 47. 47. 47.
 48. 48. 48.]",47.11352982025554,0.8502738737799461,0.0118555342803732,-2.688185424489355e-07,0.4156101538072413,0.017121377157571362,0.22627595138889517
74,6.1.1,"Proportion of population using safely managed drinking water services, by urban/rural (%)",Lesotho,0.12716701560791818,"[2000 2001 2002 2003 2004 2005 2006 2007 2008 2009 2010 2011 2012 2013
 2014 2015 2016 2017 2018 2019 2020]","[ 9. 10. 11. 12. 12. 13. 14. 15. 16. 17. 18. 19. 20. 21. 22. 23. 25. 26.
 27. 28. 29.]",36.50579857643354,0.9981183575822057,0.014425680983306294,0.026117597930767407,0.9754724602039028,0.026275169511630687,0.5561271407541672
75,6.1.1,"Proportion of population using safely managed drinking water services, by urban/rural (%)",Liechtenstein,0.0,"[2000 2001 2002 2003 2004 2005 2006 2007 2008 2009 2010 2011 2012 2013
 2014 2015 2016 2017 2018 2019 2020]","[100. 100. 100. 100. 100. 100. 100. 100. 100. 100. 100. 100. 100. 100.
 100. 100. 100. 100. 100. 100. 100.]",100.0,1.0,0.0,0.0,1.0,0.0,0.0
76,6.1.1,"Proportion of population using safely managed drinking water services, by urban/rural (%)",Lithuania,0.3206313712739654,"[2000 2001 2002 2003 2004 2005 2006 2007 2008 2009 2010 2011 2012 2013
 2014 2015 2016 2017 2018 2019 2020]","[67. 68. 68. 68. 70. 72. 74. 76. 79. 81. 83. 85. 87. 89. 91. 94. 94. 94.
 95. 95. 95.]",96.43441876080853,0.9968701623329149,0.007081887749404978,-4.9404345349024006e-11,0.891947297997282,0.025557349119440964,1.6040015757436445
77,6.1.1,"Proportion of population using safely managed drinking water services, by urban/rural (%)",Luxembourg,-9.999999999999968,"[2000 2001 2002 2003 2004 2005 2006 2007 2008 2009 2010 2011 2012 2013
 2014 2015 2016 2017 2018 2019 2020]","[100. 100. 100. 100. 100. 100. 100. 100. 100. 100. 100. 100. 100. 100.
 100. 100. 100.  99.  99.  99.  99.]",98.9982451707755,0.9999766565753315,1.9008395670655872e-05,5.830789625512272e-14,0.8,0.003418640499660958,0.10233317869474798
78,6.1.1,"Proportion of population using safely managed drinking water services, by urban/rural (%)",Madagascar,3.2830872680422685,"[2000 2001 2002 2003 2004 2005 2006 2007 2008 2009 2010 2011 2012 2013
 2014 2015 2016 2017 2018 2019 2020]","[ 7.  7.  8.  9.  9. 10. 11. 11. 12. 13. 14. 15. 15. 16. 17. 17. 18. 19.
 19. 20. 21.]",14.690355688811191,0.815869638544778,0.25467063523654837,-1.9787156912975945e-07,0.4345104515707903,0.3408684400391887,11.822094980378914
79,6.1.1,"Proportion of population using safely managed drinking water services, by urban/rural (%)",Malaysia,9.9999999999096,"[2000 2001 2002 2003 2004 2005 2006 2007 2008 2009 2010 2011 2012 2013
 2014 2015 2016 2017 2018 2019 2020]","[93. 93. 93. 93. 93. 93. 93. 93. 93. 93. 93. 93. 93. 93. 94. 94. 94. 94.
 94. 94. 94.]",94.00096518985221,0.9999828240199894,2.0932337551501482e-05,6.307879388890685e-14,0.6700646765210392,0.0010498870649654612,-0.05309610736071709
80,6.1.1,"Proportion of population using safely managed drinking water services, by urban/rural (%)",Malta,0.0,"[2000 2001 2002 2003 2004 2005 2006 2007 2008 2009 2010 2011 2012 2013
 2014 2015 2016 2017 2018 2019 2020]","[100. 100. 100. 100. 100. 100. 100. 100. 100. 100. 100. 100. 100. 100.
 100. 100. 100. 100. 100. 100. 100.]",100.0,1.0,0.0,0.0,1.0,0.0,0.0
81,6.1.1,"Proportion of population using safely managed drinking water services, by urban/rural (%)",Martinique,0.0,"[2000 2001 2002 2003 2004 2005 2006 2007 2008 2009 2010 2011 2012 2013
 2014 2015 2016 2017 2018 2019 2020]","[99. 99. 99. 99. 99. 99. 99. 99. 99. 99. 99. 99. 99. 99. 99. 99. 99. 99.
 99. 99. 99.]",99.0,1.0,0.0,0.0,1.0,0.0,0.0
82,6.1.1,"Proportion of population using safely managed drinking water services, by urban/rural (%)",Mayotte,0.9374099465695854,"[2006 2007 2008 2009 2010 2011 2012 2013 2014 2015 2016 2017 2018 2019
 2020]",[79. 79. 79. 79. 79. 81. 84. 86. 88. 91. 93. 94. 94. 94. 93.],93.33127419348493,0.9912611107089622,0.007845812598403265,9.231010731089067e-12,0.6793470834072317,0.009704339261212006,-0.05412156503586625
83,6.1.1,"Proportion of population using safely managed drinking water services, by urban/rural (%)",Mexico,0.6110474727626909,"[2000 2001 2002 2003 2004 2005 2006 2007 2008 2009 2010 2011 2012 2013
 2014 2015 2016 2017 2018 2019 2020]","[39. 40. 40. 40. 40. 40. 41. 41. 41. 41. 41. 42. 42. 42. 42. 42. 42. 43.
 43. 43. 43.]",42.288359207135855,0.868683552493017,0.012019465203780225,-5.129578277757506e-10,0.2720253948644671,0.016984774644626534,0.08806947309797222
84,6.1.1,"Proportion of population using safely managed drinking water services, by urban/rural (%)",Monaco,0.0,"[2000 2001 2002 2003 2004 2005 2006 2007 2008 2009 2010 2011 2012 2013
 2014 2015 2016 2017 2018 2019 2020]","[100. 100. 100. 100. 100. 100. 100. 100. 100. 100. 100. 100. 100. 100.
 100. 100. 100. 100. 100. 100. 100.]",100.0,1.0,0.0,0.0,1.0,0.0,0.0
85,6.1.1,"Proportion of population using safely managed drinking water services, by urban/rural (%)",Mongolia,-4.956935424252375,"[2000 2001 2002 2003 2004 2005 2006 2007 2008 2009 2010 2011 2012 2013
 2014 2015 2016 2017 2018 2019 2020]","[21. 21. 22. 22. 23. 24. 24. 25. 25. 26. 27. 27. 27. 28. 28. 28. 29. 29.
 29. 30. 30.]",25.096101089628657,0.0,0.11121748596831045,-0.00020164242686428432,0.32507571752393744,0.09754509304918173,-0.7463439232575844
86,6.1.1,"Proportion of population using safely managed drinking water services, by urban/rural (%)",Montenegro,9.999999999995392,"[2006 2007 2008 2009 2010 2011 2012 2013 2014 2015 2016 2017 2018 2019
 2020]",[84. 84. 84. 84. 84. 84. 84. 85. 85. 85. 85. 85. 85. 85. 85.],85.0008240625837,0.9999791440461904,2.6951924917241927e-05,1.008656880416546e-14,0.5797694856730531,0.00045708134213054625,-0.025720214425195148
87,6.1.1,"Proportion of population using safely managed drinking water services, by urban/rural (%)",Morocco,0.18801284462937437,"[2000 2001 2002 2003 2004 2005 2006 2007 2008 2009 2010 2011 2012 2013
 2014 2015 2016 2017 2018 2019 2020]","[54. 55. 56. 56. 57. 58. 59. 60. 61. 62. 64. 66. 67. 69. 71. 72. 74. 75.
 77. 78. 80.]",86.27923287534819,0.9986743508950598,0.004564436954446577,-9.603469652541688e-13,0.9577188054485697,0.016205429921462712,1.2309583950022107
88,6.1.1,"Proportion of population using safely managed drinking water services, by urban/rural (%)",Myanmar,2.828954748779051,"[2000 2001 2002 2003 2004 2005 2006 2007 2008 2009 2010 2011 2012 2013
 2014 2015 2016 2017 2018 2019 2020]","[27. 29. 30. 32. 33. 35. 37. 38. 40. 42. 44. 45. 47. 48. 50. 51. 53. 54.
 56. 58. 59.]",45.16933837073698,0.8052761798076795,0.18698832383271366,9.820002745374493e-08,0.42095292774937965,0.2284335134778103,5.355810896971319
89,6.1.1,"Proportion of population using safely managed drinking water services, by urban/rural (%)",Nepal,-2.6996384867532988,"[2000 2001 2002 2003 2004 2005 2006 2007 2008 2009 2010 2011 2012 2013
 2014 2015 2016 2017 2018 2019 2020]","[27. 27. 27. 28. 28. 28. 28. 29. 29. 29. 29. 30. 30. 28. 27. 25. 24. 22.
 21. 19. 18.]",23.406432102688658,0.8570954411488827,0.07528715303881503,1.9514010403546682e-07,0.5174862227661333,0.0815132382969061,2.9822914364146444
90,6.1.1,"Proportion of population using safely managed drinking water services, by urban/rural (%)",Netherlands,0.0,"[2000 2001 2002 2003 2004 2005 2006 2007 2008 2009 2010 2011 2012 2013
 2014 2015 2016 2017 2018 2019 2020]","[100. 100. 100. 100. 100. 100. 100. 100. 100. 100. 100. 100. 100. 100.
 100. 100. 100. 100. 100. 100. 100.]",100.0,1.0,0.0,0.0,1.0,0.0,0.0
91,6.1.1,"Proportion of population using safely managed drinking water services, by urban/rural (%)",New Caledonia,1.850046600708627,"[2000 2001 2002 2003 2004 2005 2006 2007 2008 2009 2010 2011 2012 2013
 2014 2015 2016 2017 2018 2019 2020]","[87. 87. 87. 88. 88. 89. 90. 90. 91. 92. 92. 93. 94. 94. 95. 96. 96. 96.
 96. 96. 97.]",93.05956418942031,0.8674492032435056,0.02797965184449015,-1.1966863983718868e-07,0.45400708158231495,0.03166246629876199,-0.043876695060979465
92,6.1.1,"Proportion of population using safely managed drinking water services, by urban/rural (%)",New Zealand,2.1535838381203676,"[2000 2001 2002 2003 2004 2005 2006 2007 2008 2009 2010 2011 2012 2013
 2014 2015 2016 2017 2018 2019 2020]","[ 82.  82.  82.  82.  82.  82.  84.  85.  86.  88.  89.  90.  92.  93.
  94.  96.  97.  98. 100. 100. 100.]",91.85421064233324,0.8683822648320478,0.055421940169932585,-4.236681935213177e-07,0.8686651296890805,0.05784323747703505,-0.1301793746025517
93,6.1.1,"Proportion of population using safely managed drinking water services, by urban/rural (%)",Nicaragua,3.352709731319582,"[2000 2001 2002 2003 2004 2005 2006 2007 2008 2009 2010 2011 2012 2013
 2014 2015 2016 2017 2018 2019 2020]","[48. 48. 48. 48. 48. 48. 48. 49. 50. 51. 52. 53. 54. 55. 55. 55. 55. 55.
 55. 55. 56.]",52.690616694668726,0.9311574023761047,0.043067566910929875,1.63609465652108e-08,0.363962639884604,0.042769005212731505,-0.9980151211541683
94,6.1.1,"Proportion of population using safely managed drinking water services, by urban/rural (%)",Nigeria,1.1933061414263517,"[2000 2001 2002 2003 2004 2005 2006 2007 2008 2009 2010 2011 2012 2013
 2014 2015 2016 2017 2018 2019 2020]","[14. 14. 15. 15. 15. 16. 16. 17. 17. 18. 18. 18. 19. 19. 19. 20. 20. 21.
 21. 21. 22.]",18.802362176402493,0.8387337455069551,0.09072581062326254,8.415362920762466e-06,0.2564026041247234,0.11442227452761419,2.8495902053790765
95,6.1.1,"Proportion of population using safely managed drinking water services, by urban/rural (%)",Niue,-1.4994408488853093,"[2000 2001 2002 2003 2004 2005 2006 2007 2008 2009 2010 2011 2012 2013
 2014 2015 2016 2017 2018 2019 2020]","[98. 98. 98. 98. 98. 98. 98. 98. 98. 98. 97. 97. 97. 96. 96. 95. 95. 94.
 94. 94. 94.]",95.36038161336593,0.9284005589415528,0.007883940065302613,-1.2846430561890766e-10,0.2150555235947896,0.008926861023657381,0.0900053790436901
96,6.1.1,"Proportion of population using safely managed drinking water services, by urban/rural (%)",North Macedonia,-4.316738098666367,"[2000 2001 2002 2003 2004 2005 2006 2007 2008 2009 2010 2011 2012 2013
 2014 2015 2016 2017 2018 2019 2020]","[80. 80. 80. 80. 80. 80. 80. 80. 80. 80. 80. 80. 80. 80. 80. 80. 79. 78.
 77. 77. 77.]",77.84838944435806,0.9722120411044507,0.00438502797996456,2.7352998629759556e-10,0.7999999992372311,0.0049643120598536995,0.1100026536247484
97,6.1.1,"Proportion of population using safely managed drinking water services, by urban/rural (%)",Northern Mariana Islands,2.4388617951958262,"[2000 2001 2002 2003 2004 2005 2006 2007 2008 2009 2010 2011 2012 2013
 2014 2015 2016 2017 2018 2019 2020]","[82. 82. 82. 83. 83. 84. 84. 85. 85. 86. 87. 87. 88. 88. 89. 89. 90. 90.
 91. 91. 91.]",87.48168601871284,0.845006241332121,0.0263012573385551,9.603322552268289e-09,0.6595118196970555,0.029586857052417974,-0.10945488100683658
98,6.1.1,"Proportion of population using safely managed drinking water services, by urban/rural (%)",Norway,-9.9999999998905,"[2000 2001 2002 2003 2004 2005 2006 2007 2008 2009 2010 2011 2012 2013
 2014 2015 2016 2017 2018 2019 2020]","[100. 100. 100. 100. 100. 100. 100. 100. 100.  99.  99.  99.  99.  99.
  99.  99.  99.  99.  99.  99.  99.]",98.99945255278806,0.9999842348383802,1.9761986446243784e-05,2.245968417632501e-14,0.6,0.002807383264792555,0.0021368447386328556
99,6.1.1,"Proportion of population using safely managed drinking water services, by urban/rural (%)",Oman,1.6661355341210502,"[2000 2001 2002 2003 2004 2005 2006 2007 2008 2009 2010 2011 2012 2013
 2014 2015 2016 2017 2018 2019 2020]","[84. 84. 84. 84. 84. 84. 85. 85. 85. 86. 86. 87. 87. 88. 88. 89. 89. 89.
 90. 90. 91.]",87.70249480797995,0.8771779499122625,0.017065912396010123,-1.0133636279384177e-09,0.5668819499122634,0.017206726370548465,-0.23319991627596287
100,6.1.1,"Proportion of population using safely managed drinking water services, by urban/rural (%)",Pakistan,-0.3812238098320453,"[2000 2001 2002 2003 2004 2005 2006 2007 2008 2009 2010 2011 2012 2013
 2014 2015 2016 2017 2018 2019 2020]","[37. 38. 38. 38. 38. 38. 38. 37. 37. 37. 37. 37. 37. 37. 36. 36. 36. 36.
 36. 36. 36.]",35.85399435290593,0.8323698112352805,0.008701878427879731,-6.98345390678837e-10,0.3585043950296579,0.008302165723497953,-0.007637777954688019
101,6.1.1,"Proportion of population using safely managed drinking water services, by urban/rural (%)",Palau,1.3491469153330633,"[2000 2001 2002 2003 2004 2005 2006 2007 2008 2009 2010 2011 2012 2013
 2014 2015 2016 2017 2018 2019 2020]","[64. 65. 67. 68. 70. 71. 73. 74. 76. 78. 79. 81. 83. 84. 86. 88. 89. 91.
 91. 91. 91.]",82.96791332794245,0.8762463545867186,0.07356685205604521,3.6323084466320906e-06,0.09153281458038774,0.12191116587361246,2.806747787839083
102,6.1.1,"Proportion of population using safely managed drinking water services, by urban/rural (%)",Paraguay,6.363444207607537,"[2000 2001 2002 2003 2004 2005 2006 2007 2008 2009 2010 2011 2012 2013
 2014 2015 2016 2017 2018 2019 2020]","[50. 51. 52. 52. 53. 54. 55. 56. 57. 57. 58. 59. 60. 61. 61. 62. 63. 64.
 64. 64. 64.]",58.94992995310477,0.8050243217821281,0.06510559658966086,-8.871455929954747e-10,0.2,0.08743614445265972,0.23800094375815312
103,6.1.1,"Proportion of population using safely managed drinking water services, by urban/rural (%)",Peru,1.0333902559115156,"[2000 2001 2002 2003 2004 2005 2006 2007 2008 2009 2010 2011 2012 2013
 2014 2015 2016 2017 2018 2019 2020]","[45. 45. 46. 46. 47. 47. 47. 48. 48. 48. 49. 49. 49. 49. 50. 50. 50. 50.
 51. 51. 51.]",49.276136927072585,0.8397524288969227,0.022776671316933315,-5.5483316978419984e-09,0.6563148322914689,0.029992799265854325,-0.6775542261298788
104,6.1.1,"Proportion of population using safely managed drinking water services, by urban/rural (%)",Philippines,0.5559336928207287,"[2000 2001 2002 2003 2004 2005 2006 2007 2008 2009 2010 2011 2012 2013
 2014 2015 2016 2017 2018 2019 2020]","[36. 36. 38. 41. 43. 44. 45. 45. 45. 45. 45. 45. 46. 46. 46. 46. 47. 47.
 47. 47. 47.]",46.231711907634526,0.9614402896629247,0.015056333856412831,7.721093092463167e-10,0.4901048628978824,0.04925787821397048,3.0074328503482795
105,6.1.1,"Proportion of population using safely managed drinking water services, by urban/rural (%)",Poland,1.7695872739688112,"[2005 2006 2007 2008 2009 2010 2011 2012 2013 2014 2015 2016 2017 2018
 2019 2020]",[91. 91. 92. 92. 93. 93. 94. 94. 95. 95. 96. 97. 97. 98. 98. 98.],95.65981534389267,0.8577501681527308,0.016925094662339005,3.553242127360914e-08,0.6671783276789278,0.020085421410895993,0.09850127726584938
106,6.1.1,"Proportion of population using safely managed drinking water services, by urban/rural (%)",Portugal,0.36466689824262366,"[2000 2001 2002 2003 2004 2005 2006 2007 2008 2009 2010 2011 2012 2013
 2014 2015 2016 2017 2018 2019 2020]","[93. 93. 94. 94. 94. 94. 94. 94. 94. 95. 95. 95. 95. 95. 95. 95. 95. 95.
 95. 95. 95.]",95.06140285034894,0.8600767339035393,0.002629474519745265,-3.302770243676018e-10,0.0,0.004082801346490442,0.18115645609636288
107,6.1.1,"Proportion of population using safely managed drinking water services, by urban/rural (%)",Puerto Rico,1.8342288485781353,"[2000 2001 2002 2003 2004 2005 2006 2007 2008 2009 2010 2011 2012 2013
 2014 2015 2016 2017 2018 2019 2020]","[ 75.  75.  75.  75.  76.  76.  76.  76.  76.  79.  82.  84.  87.  90.
  93.  96.  99.  99. 100. 100. 100.]",90.96303857789229,0.9381720113671402,0.06656790833602123,-3.8398985436962685e-06,0.741590196689328,0.07043738463191541,-0.8226803217895897
108,6.1.1,"Proportion of population using safely managed drinking water services, by urban/rural (%)",Qatar,-9.999999999884084,"[2000 2001 2002 2003 2004 2005 2006 2007 2008 2009 2010 2011 2012 2013
 2014 2015 2016 2017 2018 2019 2020]","[97. 97. 97. 97. 97. 97. 97. 97. 97. 97. 97. 97. 96. 96. 96. 96. 96. 96.
 96. 96. 96.]",95.99925872624347,0.9999842348383506,2.03466606203472e-05,-1.471538210154054e-14,0.6751475393851638,0.0009804070400692734,-0.04926320388379209
109,6.1.1,"Proportion of population using safely managed drinking water services, by urban/rural (%)",Republic of Korea,0.46181641197073564,"[2002 2003 2004 2005 2006 2007 2008 2009 2010 2011 2012 2013 2014 2015
 2016 2017 2018 2019 2020]","[97. 97. 97. 97. 97. 97. 97. 98. 98. 98. 98. 98. 98. 99. 99. 99. 99. 99.
 99.]",98.99589186314807,0.9117022751681312,0.0025452272430871565,2.9761851828318003e-11,0.27866180554197706,0.002439072424154638,0.005984514186284676
110,6.1.1,"Proportion of population using safely managed drinking water services, by urban/rural (%)",Republic of Moldova,0.27876047021815825,"[2000 2001 2002 2003 2004 2005 2006 2007 2008 2009 2010 2011 2012 2013
 2014 2015 2016 2017 2018 2019 2020]","[40. 42. 44. 46. 48. 50. 53. 55. 57. 60. 62. 65. 67. 70. 72. 72. 73. 73.
 73. 74. 74.]",75.62964156401516,0.9967676016508775,0.010977339510295947,2.998602241401443e-10,0.8378593390559257,0.10084576108168755,8.823795119168242
111,6.1.1,"Proportion of population using safely managed drinking water services, by urban/rural (%)",Romania,0.0,"[2000 2001 2002 2003 2004 2005 2006 2007 2008 2009 2010 2011 2012 2013
 2014 2015 2016 2017 2018 2019 2020]","[82. 82. 82. 82. 82. 82. 82. 82. 82. 82. 82. 82. 82. 82. 82. 82. 82. 82.
 82. 82. 82.]",82.0,1.0,0.0,0.0,1.0,0.0,0.0
112,6.1.1,"Proportion of population using safely managed drinking water services, by urban/rural (%)",Russian Federation,9.999999999972118,"[2000 2001 2002 2003 2004 2005 2006 2007 2008 2009 2010 2011 2012 2013
 2014 2015 2016 2017 2018 2019 2020]","[75. 75. 75. 75. 75. 75. 75. 75. 75. 75. 75. 75. 75. 75. 76. 76. 76. 76.
 76. 76. 76.]",76.00096518383573,0.9999828240199614,2.5933869553774763e-05,5.210047872830065e-14,0.6701504012689962,0.0012989207884754827,-0.06637413966905545
113,6.1.1,"Proportion of population using safely managed drinking water services, by urban/rural (%)",Rwanda,1.4873240717585436,"[2000 2001 2002 2003 2004 2005 2006 2007 2008 2009 2010 2011 2012 2013
 2014 2015 2016 2017 2018 2019 2020]","[ 4.  5.  5.  5.  6.  6.  7.  7.  7.  8.  8.  9.  9.  9. 10. 10. 11. 11.
 12. 12. 12.]",9.240740348947545,0.8282632805854809,0.20412047672460326,5.184646844153145e-07,0.6009843273558699,0.27109548956368734,4.665374386140945
114,6.1.1,"Proportion of population using safely managed drinking water services, by urban/rural (%)",Réunion,-1.704376340400861,"[2000 2001 2002 2003 2004 2005 2006 2007 2008 2009 2010 2011 2012 2013
 2014 2015 2016 2017 2018 2019 2020]","[99. 99. 99. 99. 99. 99. 99. 99. 99. 99. 99. 99. 98. 98. 97. 97. 96. 96.
 95. 95. 94.]",96.47137220213553,0.9018931004194998,0.008519156852981703,-1.7777198084260024e-10,0.4299394777349206,0.009775052993663413,-0.04312294285013483
115,6.1.1,"Proportion of population using safely managed drinking water services, by urban/rural (%)",Saint Barthélemy,9.99999999999992,"[2000 2001 2002 2003 2004 2005 2006 2007 2008 2009 2010 2011 2012 2013
 2014 2015 2016 2017 2018 2019 2020]","[ 99.  99.  99.  99.  99.  99.  99.  99.  99.  99. 100. 100. 100. 100.
 100. 100. 100. 100. 100. 100. 100.]",100.00060029299824,0.9999844902928886,1.9762953770989645e-05,2.039835605052919e-15,0.6698694634236492,0.0009881205979788638,-0.05023785331878065
116,6.1.1,"Proportion of population using safely managed drinking water services, by urban/rural (%)",Saint Helena,0.0,"[2002 2003 2004 2005 2006 2007 2008 2009 2010 2011 2012 2013 2014 2015
 2016 2017 2018 2019 2020]","[89. 89. 89. 89. 89. 89. 89. 89. 89. 89. 89. 89. 89. 89. 89. 89. 89. 89.
 89.]",89.0,1.0,0.0,0.0,1.0,0.0,0.0
117,6.1.1,"Proportion of population using safely managed drinking water services, by urban/rural (%)",Saint Martin (French Part),0.0,"[2000 2001 2002 2003 2004 2005 2006 2007 2008 2009 2010 2011 2012 2013
 2014 2015 2016 2017 2018 2019 2020]","[97. 97. 97. 97. 97. 97. 97. 97. 97. 97. 97. 97. 97. 97. 97. 97. 97. 97.
 97. 97. 97.]",97.0,1.0,0.0,0.0,1.0,0.0,0.0
118,6.1.1,"Proportion of population using safely managed drinking water services, by urban/rural (%)",Saint Pierre and Miquelon,0.0,[2007 2008 2009 2010 2011 2012 2013 2014 2015 2016 2017 2018 2019 2020],[83. 83. 83. 83. 83. 83. 83. 83. 83. 83. 83. 83. 83. 83.],83.0,1.0,0.0,0.0,1.0,0.0,0.0
119,6.1.1,"Proportion of population using safely managed drinking water services, by urban/rural (%)",Samoa,9.999999999999797,"[2000 2001 2002 2003 2004 2005 2006 2007 2008 2009 2010 2011 2012 2013
 2014 2015 2016 2017 2018 2019 2020]","[45. 45. 45. 45. 45. 45. 45. 45. 45. 45. 45. 46. 46. 46. 46. 46. 46. 46.
 46. 46. 46.]",46.00066365835413,0.9999844902928904,4.3250862177265096e-05,0.0,0.5998645819970463,9.798223344558946e-05,4.909799705979543e-05
120,6.1.1,"Proportion of population using safely managed drinking water services, by urban/rural (%)",San Marino,0.0,"[2000 2001 2002 2003 2004 2005 2006 2007 2008 2009 2010 2011 2012 2013
 2014 2015 2016 2017 2018 2019 2020]","[100. 100. 100. 100. 100. 100. 100. 100. 100. 100. 100. 100. 100. 100.
 100. 100. 100. 100. 100. 100. 100.]",100.0,1.0,0.0,0.0,1.0,0.0,0.0
121,6.1.1,"Proportion of population using safely managed drinking water services, by urban/rural (%)",Sao Tome and Principe,-9.94717505940586,"[2000 2001 2002 2003 2004 2005 2006 2007 2008 2009 2010 2011 2012 2013
 2014 2015 2016 2017 2018 2019 2020]","[26. 26. 27. 27. 28. 28. 29. 29. 30. 31. 31. 32. 32. 33. 33. 34. 35. 35.
 35. 36. 36.]",31.0952380952381,0.0,0.10545510138246136,1.0337145466647705e-14,0.33574466642395445,0.10940354506669328,1.3759463425784015
122,6.1.1,"Proportion of population using safely managed drinking water services, by urban/rural (%)",Serbia,9.999999999999998,"[2000 2001 2002 2003 2004 2005 2006 2007 2008 2009 2010 2011 2012 2013
 2014 2015 2016 2017 2018 2019 2020]","[74. 74. 74. 74. 75. 75. 75. 75. 75. 75. 75. 75. 75. 75. 75. 75. 75. 75.
 75. 75. 75.]",75.00036849046126,0.9999766565753981,2.5360660260232736e-05,-6.693846269414056e-14,0.6,0.002416020880245773,0.2161500149744035
123,6.1.1,"Proportion of population using safely managed drinking water services, by urban/rural (%)",Sierra Leone,1.1284170857969942,"[2000 2001 2002 2003 2004 2005 2006 2007 2008 2009 2010 2011 2012 2013
 2014 2015 2016 2017 2018 2019 2020]","[ 5.  5.  5.  5.  6.  6.  6.  6.  7.  7.  7.  8.  8.  8.  9.  9.  9. 10.
 10. 10. 11.]",8.532099215385246,0.8628491831140589,0.14396733767607184,1.3526464732441218e-06,0.6653244902619091,0.18436956815050828,1.2007161658015022
124,6.1.1,"Proportion of population using safely managed drinking water services, by urban/rural (%)",Singapore,0.0,"[2000 2001 2002 2003 2004 2005 2006 2007 2008 2009 2010 2011 2012 2013
 2014 2015 2016 2017 2018 2019 2020]","[100. 100. 100. 100. 100. 100. 100. 100. 100. 100. 100. 100. 100. 100.
 100. 100. 100. 100. 100. 100. 100.]",100.0,1.0,0.0,0.0,1.0,0.0,0.0
125,6.1.1,"Proportion of population using safely managed drinking water services, by urban/rural (%)",Slovakia,2.3804398629428496,"[2000 2001 2002 2003 2004 2005 2006 2007 2008 2009 2010 2011 2012 2013
 2014 2015 2016 2017 2018 2019 2020]","[92. 92. 93. 93. 94. 95. 95. 96. 97. 97. 98. 99. 99. 99. 99. 99. 99. 99.
 99. 99. 99.]",97.53683151613494,0.8898562663941793,0.017862625056282982,6.7967678729280495e-09,0.49656148643901643,0.021652242845474658,0.14391619750605714
126,6.1.1,"Proportion of population using safely managed drinking water services, by urban/rural (%)",Slovenia,1.0135851676768093,"[2000 2001 2002 2003 2004 2005 2006 2007 2008 2009 2010 2011 2012 2013
 2014 2015 2016 2017 2018 2019 2020]","[80. 80. 80. 81. 83. 84. 85. 86. 87. 89. 90. 91. 92. 94. 95. 96. 97. 98.
 98. 98. 98.]",93.49477919277273,0.9148851816300287,0.03656952928026203,2.099133772601573e-06,0.6733297201914741,0.033196845126964976,-0.5610752912000112
127,6.1.1,"Proportion of population using safely managed drinking water services, by urban/rural (%)",South Africa,,,,,,,,,,
128,6.1.1,"Proportion of population using safely managed drinking water services, by urban/rural (%)",Spain,9.999999999780284,"[2000 2001 2002 2003 2004 2005 2006 2007 2008 2009 2010 2011 2012 2013
 2014 2015 2016 2017 2018 2019 2020]","[ 99.  99.  99.  99.  99. 100. 100. 100. 100. 100. 100. 100. 100. 100.
 100. 100. 100. 100. 100. 100. 100.]",100.00039801782688,0.9999795613250898,1.930133436181293e-05,5.4265793661869225e-15,0.8,0.0034202368226837697,0.10243643944308042
129,6.1.1,"Proportion of population using safely managed drinking water services, by urban/rural (%)",Sri Lanka,,,,,,,,,,
130,6.1.1,"Proportion of population using safely managed drinking water services, by urban/rural (%)",State of Palestine,1.1172645410270663,"[2000 2001 2002 2003 2004 2005 2006 2007 2008 2009 2010 2011 2012 2013
 2014 2015 2016 2017 2018 2019 2020]","[73. 73. 74. 74. 74. 75. 75. 75. 76. 76. 76. 77. 77. 77. 78. 78. 78. 79.
 79. 79. 80.]",77.3374613782698,0.8424641590847416,0.016654899874110937,-5.448055974609036e-08,0.5566782729855795,0.0193935109070641,0.159778423283434
131,6.1.1,"Proportion of population using safely managed drinking water services, by urban/rural (%)",Suriname,0.624122614799619,"[2000 2001 2002 2003 2004 2005 2006 2007 2008 2009 2010 2011 2012 2013
 2014 2015 2016 2017 2018 2019 2020]","[52. 52. 52. 52. 53. 53. 53. 53. 53. 53. 54. 54. 54. 54. 54. 55. 55. 55.
 55. 56. 56.]",54.801429441242284,0.859162723199247,0.010510666440116242,1.2323262662484019e-08,0.5035410436497416,0.01416993712451536,-0.21331638126854052
132,6.1.1,"Proportion of population using safely managed drinking water services, by urban/rural (%)",Sweden,9.999999999999998,"[2000 2001 2002 2003 2004 2005 2006 2007 2008 2009 2010 2011 2012 2013
 2014 2015 2016 2017 2018 2019 2020]","[ 99.  99.  99.  99.  99.  99. 100. 100. 100. 100. 100. 100. 100. 100.
 100. 100. 100. 100. 100. 100. 100.]",100.00042922320624,0.9999815066480284,1.9482845881706054e-05,-2.443126885135015e-14,0.6700802865570104,0.003001413068163434,-0.25169082999717507
133,6.1.1,"Proportion of population using safely managed drinking water services, by urban/rural (%)",Switzerland,0.0,"[2000 2001 2002 2003 2004 2005 2006 2007 2008 2009 2010 2011 2012 2013
 2014 2015 2016 2017 2018 2019 2020]","[94. 94. 94. 94. 94. 94. 94. 94. 94. 94. 94. 94. 94. 94. 94. 94. 94. 94.
 94. 94. 94.]",94.0,1.0,0.0,0.0,1.0,0.0,0.0
134,6.1.1,"Proportion of population using safely managed drinking water services, by urban/rural (%)",Tajikistan,0.21027489538695265,"[2000 2001 2002 2003 2004 2005 2006 2007 2008 2009 2010 2011 2012 2013
 2014 2015 2016 2017 2018 2019 2020]","[36. 37. 38. 39. 40. 41. 43. 44. 45. 46. 47. 49. 49. 50. 51. 52. 53. 54.
 54. 55. 55.]",56.345588763716904,0.9966550290665375,0.0076987217763085395,8.98482742421276e-10,0.7321422221479384,0.06860322505186202,5.757264681618352
135,6.1.1,"Proportion of population using safely managed drinking water services, by urban/rural (%)",Togo,3.2702981178371138,"[2000 2001 2002 2003 2004 2005 2006 2007 2008 2009 2010 2011 2012 2013
 2014 2015 2016 2017 2018 2019 2020]","[10. 10. 11. 11. 12. 12. 13. 13. 14. 14. 14. 15. 16. 16. 17. 17. 18. 18.
 19. 19. 20.]",15.793706465760177,0.804342872058924,0.15064808274251745,1.9315811086528907e-08,0.6410852987860947,0.17996254435980336,4.1740856541308
136,6.1.1,"Proportion of population using safely managed drinking water services, by urban/rural (%)",Tonga,9.999999999999998,"[2000 2001 2002 2003 2004 2005 2006 2007 2008 2009 2010 2011 2012 2013
 2014 2015 2016 2017 2018 2019 2020]","[29. 29. 29. 29. 29. 29. 29. 29. 29. 29. 29. 29. 29. 29. 29. 29. 29. 29.
 29. 29. 30.]",30.989577573955508,0.9999999916898401,6.68328279154986e-07,-1.662786484094333e-12,0.8,0.0034189630607849046,-0.1709561351383195
137,6.1.1,"Proportion of population using safely managed drinking water services, by urban/rural (%)",Tunisia,1.0188980512592705,"[2000 2001 2002 2003 2004 2005 2006 2007 2008 2009 2010 2011 2012 2013
 2014 2015 2016 2017 2018 2019 2020]","[73. 74. 74. 74. 75. 75. 75. 76. 76. 76. 77. 77. 77. 77. 78. 78. 78. 79.
 79. 79. 79.]",77.41073031294341,0.8488517814978925,0.014015740726820373,-6.40216224299225e-08,0.6402810956429359,0.01589982737272818,0.06418636734226305
138,6.1.1,"Proportion of population using safely managed drinking water services, by urban/rural (%)",Turkmenistan,0.5294335106695033,"[2000 2001 2002 2003 2004 2005 2006 2007 2008 2009 2010 2011 2012 2013
 2014 2015 2016 2017 2018 2019 2020]","[67. 68. 69. 70. 71. 73. 75. 77. 78. 80. 82. 84. 85. 87. 89. 91. 92. 94.
 95. 95. 95.]",91.62676609331245,0.9655704395126411,0.028117071155253567,2.6684881444888326e-09,0.7466910230430553,0.06982544045796134,3.975028923921464
139,6.1.1,"Proportion of population using safely managed drinking water services, by urban/rural (%)",Tuvalu,,,,,,,,,,
140,6.1.1,"Proportion of population using safely managed drinking water services, by urban/rural (%)",Uganda,7.933632407704693,"[2000 2001 2002 2003 2004 2005 2006 2007 2008 2009 2010 2011 2012 2013
 2014 2015 2016 2017 2018 2019 2020]","[ 2.  3.  3.  4.  4.  5.  6.  6.  7.  8.  8.  9. 10. 11. 11. 12. 13. 14.
 15. 16. 17.]",6.001999999999999,0.5539897988209554,0.5791348235238369,-37.47826246837962,0.21928289159256856,0.710371816646825,9.007461103459354
141,6.1.1,"Proportion of population using safely managed drinking water services, by urban/rural (%)",Ukraine,1.1461544731892996,"[2000 2001 2002 2003 2004 2005 2006 2007 2008 2009 2010 2011 2012 2013
 2014 2015 2016 2017 2018 2019 2020]","[67. 67. 67. 67. 69. 72. 75. 77. 80. 82. 85. 87. 89. 89. 89. 89. 89. 89.
 89. 89. 89.]",86.3241987787224,0.9664402605425501,0.03798364889478478,-2.7208166445225267e-06,0.575403234764255,0.067844170044977,1.5760324099415401
142,6.1.1,"Proportion of population using safely managed drinking water services, by urban/rural (%)",United Kingdom of Great Britain and Northern Ireland,0.0,"[2000 2001 2002 2003 2004 2005 2006 2007 2008 2009 2010 2011 2012 2013
 2014 2015 2016 2017 2018 2019 2020]","[100. 100. 100. 100. 100. 100. 100. 100. 100. 100. 100. 100. 100. 100.
 100. 100. 100. 100. 100. 100. 100.]",100.0,1.0,0.0,0.0,1.0,0.0,0.0
143,6.1.1,"Proportion of population using safely managed drinking water services, by urban/rural (%)",United States Virgin Islands,0.0,"[2000 2001 2002 2003 2004 2005 2006 2007 2008 2009 2010 2011 2012 2013
 2014 2015 2016 2017 2018 2019 2020]","[98. 98. 98. 98. 98. 98. 98. 98. 98. 98. 98. 98. 98. 98. 98. 98. 98. 98.
 98. 98. 98.]",98.0,1.0,0.0,0.0,1.0,0.0,0.0
144,6.1.1,"Proportion of population using safely managed drinking water services, by urban/rural (%)",United States of America,0.554433871592329,"[2005 2006 2007 2008 2009 2010 2011 2012 2013 2014 2015 2016 2017 2018
 2019 2020]",[95. 95. 95. 95. 95. 95. 96. 96. 96. 96. 96. 97. 97. 97. 97. 97.],96.99568397316499,0.9137301188701118,0.0025731617627106486,2.8852201120473644e-11,0.33056053480924774,0.0026368627125006646,0.007640747809434817
145,6.1.1,"Proportion of population using safely managed drinking water services, by urban/rural (%)",Uruguay,,,,,,,,,,
146,6.1.1,"Proportion of population using safely managed drinking water services, by urban/rural (%)",Uzbekistan,0.9345478864249207,"[2000 2001 2002 2003 2004 2005 2006 2007 2008 2009 2010 2011 2012 2013
 2014 2015 2016 2017 2018 2019 2020]","[56. 56. 57. 57. 57. 57. 57. 57. 58. 58. 58. 59. 59. 59. 59. 59. 59. 59.
 59. 59. 59.]",58.860208097311066,0.9237650301458498,0.005679118795374994,6.634007337266243e-11,0.3427645848519406,0.0068330016762149825,0.049367163428164586
147,6.1.1,"Proportion of population using safely managed drinking water services, by urban/rural (%)",Vanuatu,,,,,,,,,,
148,6.1.1,"Proportion of population using safely managed drinking water services, by urban/rural (%)",Wallis and Futuna Islands,0.0,"[2000 2001 2002 2003 2004 2005 2006 2007 2008 2009 2010 2011 2012 2013
 2014 2015 2016 2017 2018 2019 2020]","[59. 59. 59. 59. 59. 59. 59. 59. 59. 59. 59. 59. 59. 59. 59. 59. 59. 59.
 59. 59. 59.]",59.0,1.0,0.0,0.0,1.0,0.0,0.0
149,6.1.1,"Proportion of population using safely managed drinking water services, by urban/rural (%)",Zambia,,,,,,,,,,
150,6.1.1,"Proportion of population using safely managed drinking water services, by urban/rural (%)",Zimbabwe,-0.8263875111854271,"[2000 2001 2002 2003 2004 2005 2006 2007 2008 2009 2010 2011 2012 2013
 2014 2015 2016 2017 2018 2019 2020]","[33. 33. 33. 33. 33. 33. 33. 32. 32. 32. 32. 31. 31. 31. 31. 30. 30. 30.
 30. 30. 30.]",30.537179221268,0.9296710470279902,0.013909812321167933,-4.232541248939358e-10,0.41584092071755485,0.02014896912273258,0.6971332022468626
